{
  "losses": [
    0.6183678954839706,
    0.4541369220241904,
    0.3613951113075018,
    0.336912355851382,
    0.3278305437415838,
    0.3072914807125926,
    0.29802857246249914,
    0.2720856727100909,
    0.2627260182052851,
    0.2964418730698526,
    0.2865777360275388,
    0.2479864857159555,
    0.2860953090712428,
    0.2773554502055049,
    0.2826641337014735,
    0.27083648974075913,
    0.2630854840390384,
    0.265289637260139,
    0.2811225685290992,
    0.28340665251016617
  ],
  "metrics": {
    "both": {
      "optimistic": {
        "adjusted_arithmetic_mean_rank": 0.1585792515660192,
        "adjusted_arithmetic_mean_rank_index": 0.8418811839084687,
        "adjusted_geometric_mean_rank_index": 0.971331417989409,
        "adjusted_hits_at_k": 0.36401315166154846,
        "adjusted_inverse_harmonic_mean_rank": 0.13980370916670598,
        "arithmetic_mean_rank": 289.9535232383808,
        "count": 4002.0,
        "geometric_mean_rank": 38.95918733774765,
        "harmonic_mean_rank": 7.045620102649115,
        "hits_at_1": 0.0069965017491254375,
        "hits_at_10": 0.3658170914542729,
        "hits_at_3": 0.2201399300349825,
        "hits_at_5": 0.2856071964017991,
        "inverse_arithmetic_mean_rank": 0.0034488285875314767,
        "inverse_geometric_mean_rank": 0.02566788653291794,
        "inverse_harmonic_mean_rank": 0.141932148686814,
        "inverse_median_rank": 0.02857142857142857,
        "median_absolute_deviation": 48.92587321068486,
        "median_rank": 35.0,
        "standard_deviation": 537.36038070317,
        "variance": 288756.17874945584,
        "z_arithmetic_mean_rank": 91.0027731036837,
        "z_geometric_mean_rank": 61.76550557405168,
        "z_hits_at_k": 431.7988005990173,
        "z_inverse_harmonic_mean_rank": 411.27554315251024
      },
      "pessimistic": {
        "adjusted_arithmetic_mean_rank": 0.15857952488568747,
        "adjusted_arithmetic_mean_rank_index": 0.8418809104392366,
        "adjusted_geometric_mean_rank_index": 0.971331253958163,
        "adjusted_hits_at_k": 0.36401315166154846,
        "adjusted_inverse_harmonic_mean_rank": 0.1398036058113297,
        "arithmetic_mean_rank": 289.95402298850576,
        "count": 4002.0,
        "geometric_mean_rank": 38.95940452647356,
        "harmonic_mean_rank": 7.04562522059746,
        "hits_at_1": 0.0069965017491254375,
        "hits_at_10": 0.3658170914542729,
        "hits_at_3": 0.2201399300349825,
        "hits_at_5": 0.2856071964017991,
        "inverse_arithmetic_mean_rank": 0.003448822643304527,
        "inverse_geometric_mean_rank": 0.025667743441008792,
        "inverse_harmonic_mean_rank": 0.14193204558717662,
        "inverse_median_rank": 0.02857142857142857,
        "median_absolute_deviation": 48.92587321068486,
        "median_rank": 35.0,
        "standard_deviation": 537.3603547059018,
        "variance": 288756.15080965264,
        "z_arithmetic_mean_rank": 91.00274354314837,
        "z_geometric_mean_rank": 61.76549514355118,
        "z_hits_at_k": 431.7988005990173,
        "z_inverse_harmonic_mean_rank": 411.27523910093123
      },
      "realistic": {
        "adjusted_arithmetic_mean_rank": 0.1585793842638525,
        "adjusted_arithmetic_mean_rank_index": 0.8418810511380215,
        "adjusted_geometric_mean_rank_index": 0.9713313379122285,
        "adjusted_hits_at_k": 0.36401315166154846,
        "adjusted_inverse_harmonic_mean_rank": 0.13980366041686904,
        "arithmetic_mean_rank": 289.9537658691406,
        "count": 4002.0,
        "geometric_mean_rank": 38.959293365478516,
        "harmonic_mean_rank": 7.045622516641116,
        "hits_at_1": 0.0069965017491254375,
        "hits_at_10": 0.3658170914542729,
        "hits_at_3": 0.2201399300349825,
        "hits_at_5": 0.2856071964017991,
        "inverse_arithmetic_mean_rank": 0.0034488257952034473,
        "inverse_geometric_mean_rank": 0.025667816400527954,
        "inverse_harmonic_mean_rank": 0.14193210005760193,
        "inverse_median_rank": 0.02857142873108387,
        "median_absolute_deviation": 48.92587321068486,
        "median_rank": 35.0,
        "standard_deviation": 537.3603515625,
        "variance": 288756.15625,
        "z_arithmetic_mean_rank": 91.0027587519211,
        "z_geometric_mean_rank": 61.76550048206408,
        "z_hits_at_k": 431.7988005990173,
        "z_inverse_harmonic_mean_rank": 411.2753997398941
      }
    },
    "head": {
      "optimistic": {
        "adjusted_arithmetic_mean_rank": 0.2945163584116778,
        "adjusted_arithmetic_mean_rank_index": 0.7059143533173557,
        "adjusted_geometric_mean_rank_index": 0.9165453450849699,
        "adjusted_hits_at_k": 0.2173900103811028,
        "adjusted_inverse_harmonic_mean_rank": 0.08110363616124586,
        "arithmetic_mean_rank": 482.6971514242879,
        "count": 2001.0,
        "geometric_mean_rank": 99.50938037740552,
        "harmonic_mean_rank": 11.957620998531732,
        "hits_at_1": 0.0069965017491254375,
        "hits_at_10": 0.21989005497251374,
        "hits_at_3": 0.111944027986007,
        "hits_at_5": 0.15342328835582209,
        "inverse_arithmetic_mean_rank": 0.0020716923583437644,
        "inverse_geometric_mean_rank": 0.010049303856654892,
        "inverse_harmonic_mean_rank": 0.08362867497830792,
        "inverse_median_rank": 0.006802721088435374,
        "median_absolute_deviation": 213.49471946480668,
        "median_rank": 147.0,
        "standard_deviation": 658.3334381443739,
        "variance": 433402.9157789921,
        "z_arithmetic_mean_rank": 53.605886917845076,
        "z_geometric_mean_rank": 41.237729347691506,
        "z_hits_at_k": 171.79170753995075,
        "z_inverse_harmonic_mean_rank": 159.0394240132909
      },
      "pessimistic": {
        "adjusted_arithmetic_mean_rank": 0.2945169682540457,
        "adjusted_arithmetic_mean_rank_index": 0.705913743102667,
        "adjusted_geometric_mean_rank_index": 0.9165444051547889,
        "adjusted_hits_at_k": 0.2173900103811028,
        "adjusted_inverse_harmonic_mean_rank": 0.08110342939379402,
        "arithmetic_mean_rank": 482.69815092453774,
        "count": 2001.0,
        "geometric_mean_rank": 99.51048986542412,
        "harmonic_mean_rank": 11.957650481945858,
        "hits_at_1": 0.0069965017491254375,
        "hits_at_10": 0.21989005497251374,
        "hits_at_3": 0.111944027986007,
        "hits_at_5": 0.15342328835582209,
        "inverse_arithmetic_mean_rank": 0.002071688068588301,
        "inverse_geometric_mean_rank": 0.010049191812364494,
        "inverse_harmonic_mean_rank": 0.08362846877903315,
        "inverse_median_rank": 0.006802721088435374,
        "median_absolute_deviation": 213.49471946480668,
        "median_rank": 147.0,
        "standard_deviation": 658.3331030749381,
        "variance": 433402.47460427706,
        "z_arithmetic_mean_rank": 53.60584057922135,
        "z_geometric_mean_rank": 41.23768705781833,
        "z_hits_at_k": 171.79170753995075,
        "z_inverse_harmonic_mean_rank": 159.03901855457164
      },
      "realistic": {
        "adjusted_arithmetic_mean_rank": 0.294516670153761,
        "adjusted_arithmetic_mean_rank_index": 0.7059140413849478,
        "adjusted_geometric_mean_rank_index": 0.9165448829809233,
        "adjusted_hits_at_k": 0.2173900103811028,
        "adjusted_inverse_harmonic_mean_rank": 0.08110353342422037,
        "arithmetic_mean_rank": 482.6976623535156,
        "count": 2001.0,
        "geometric_mean_rank": 99.50992584228516,
        "harmonic_mean_rank": 11.957635648006221,
        "hits_at_1": 0.0069965017491254375,
        "hits_at_10": 0.21989005497251374,
        "hits_at_3": 0.111944027986007,
        "hits_at_5": 0.15342328835582209,
        "inverse_arithmetic_mean_rank": 0.0020716902799904346,
        "inverse_geometric_mean_rank": 0.010049249045550823,
        "inverse_harmonic_mean_rank": 0.0836285725235939,
        "inverse_median_rank": 0.006802720949053764,